Aigle en torsion	aigle-en-torsion	01	1,8397	1939x1054
Aigle	aigle	01	0,3793	586x1545
Aile	aile	01	0,8238	926x1124
Aile	aile	02	0,5279	596x1129
arbre	arbre	01	0,435	572x1315
arbre	arbre	02	0,4418	581x1315
Arc	arc	01	1,7604	1609x914
bambou	bambou	01	1,0937	1413x1292
barque	barque	01	4,7597	1961x412
bateau	bateau	01	1,5654	922x589
bateau	bateau	02	1,4516	1064x733
baton	baton	01	2,1784	1954x897
chaise	chaise	01	0,2352	410x1743
Chameau	chameau	01	0,7511	700x932
Chameau	chameau	02	0,5798	581x1002
chandelle	chandelle	01	0,3514	533x1517
charrue	charrue	01	2,1731	1017x468
charrue	charrue	02	2,4101	1046x434
Chat	chat	01	1,448	1823x1259
Chien qui s'étire	chien-qui-s-etire	01	1,5193	1103x726
Chien qui s'étire	chien-qui-s-etire	02	1,5351	766x499
Chien	chien	01	1,2958	1770x1366
Cobra	cobra	01	3,338	1926x577
corbeau	corbeau	01	1,3506	1356x1004
croise ventral	croise-ventral	01	1,4267	1655x1160
Croise	croise	01	1,7705	1882x1063
croissant de lune	croissant-de-lune	01	1,8927	1887x997
Cygne	cygne	01	2,098	428x204
Cygne	cygne	02	4,4587	1079x242
Cygne	cygne	03	5,3663	1084x202
Cygne	cygne	04	4,4694	1095x245
Danseur	danseur	01	0,7493	1058x1412
Deesse	deesse	01	0,6963	596x856
Deesse	deesse	02	0,8139	704x865
demi chien	demi-chien	01	1,7007	1665x979
demi lotus	demi-lotus	01	3,3868	1944x574
demi lune agenouillée	demi-lune-agenouillee	01	0,639	853x1335
demi lune assis	demi-lune-assis	01	1,0276	895x871
demi lune assis	demi-lune-assis	02	1,1101	877x790
demi lune laterale 4500x4000	demi-lune-laterale	01	3,265	1848x566
demi lune laterale 4500x4000	demi-lune-laterale	02	3,4695	1936x558
demi lune	demi-lune	01	0,6185	838x1355
demi lune	demi-lune	02	0,3394	521x1535
demi pince	demi-pince	01	0,9382	1305x1391
demi pont pointé	demi-pont-pointe	01	0,8779	1193x1359
demi pont	demi-pont	01	2,1917	1898x866
demi roue en rotation	demi-roue-en-rotation	01	0,3011	449x1491
demi roue en rotation	demi-roue-en-rotation	02	0,3264	439x1345
demi roue	demi-roue	01	0,5425	875x1613
demi roue	demi-roue	02	0,474	638x1346
demi singe	demi-singe	01	0,7919	1092x1379
diamant	diamant	01	0,598	778x1301
eleve	eleve	01	3,0454	1946x639
enfant	enfant	01	1,7638	1023x580
enfant	enfant	02	1,8063	1082x599
equerre en rotation	equerre-en-rotation	01	0,4677	674x1441
equerre en rotation	equerre-en-rotation	02	0,5004	565x1129
Equerre	equerre	01	0,8766	867x989
Equerre	equerre	02	0,8386	696x830
Estomac NEW	estomac-new	01	1,5307	998x652
Estomac NEW	estomac-new	02	1,3388	822x614
etoile	etoile	01	1,0482	1087x1037
expire	expire	01	2,217	1900x857
fente demi lune	fente-demi-lune	01	0,8103	1269x1566
Fente en rotation	fente-en-rotation	01	1,0954	861x786
Fente en rotation	fente-en-rotation	02	1,0233	834x815
Fente sur cote	fente-sur-cote	01	1,0873	922x848
Fente sur cote	fente-sur-cote	02	1,4623	1047x716
Fente sur orteils	fente-sur-orteils	01	1,0423	739x709
Fente sur orteils	fente-sur-orteils	02	1,0419	746x716
Fente triangle	fente-triangle	01	0,9514	900x946
Fente triangle	fente-triangle	02	0,8367	830x992
foetus	foetus	01	1,3464	999x742
foetus	foetus	02	1,4433	954x661
force	force	01	2,2074	1905x863
foudre	foudre	01	1,4178	1605x1132
grand écart incliné	grand-ecart-incline	01	1,3734	1795x1307
Grand écart	grand-ecart	01	1,2686	1072x845
Grand écart	grand-ecart	02	1,2135	1057x871
Grenouille	grenouille	01	0,7756	674x869
Grenouille	grenouille	02	0,4941	420x850
guetteur en rotation	guetteur-en-rotation	01	0,857	833x972
guetteur en rotation	guetteur-en-rotation	02	1,0223	962x941
guetteur	guetteur	01	1,9515	1930x989
Guirlande	guirlande	01	0,8014	674x841
Guirlande	guirlande	02	1,5517	1066x687
Hamac	hamac	01	2,2451	1960x873
Heros	heros	01	1,6917	1015x600
Heros	heros	02	2,694	1083x402
inspire	inspire	01	3,2281	1953x605
loquet	loquet	01	0,9049	761x841
loquet	loquet	02	1,487	1090x733
mains jointes	mains-jointes	01	2,0403	1926x944
oreilles pressées	oreilles-pressees	01	1,2626	851x674
oreilles pressées	oreilles-pressees	02	2,2792	1094x480
Palmier	palmier	01	0,1696	325x1916
papillon	papillon	01	1,4196	1536x1082
Perche	perche	01	1,7703	1110x627
Perche	perche	02	1,7195	1030x599
pigeon en rotation	pigeon-en-rotation	01	1,4002	1683x1202
Pigeon royal	pigeon-royal	01	0,7216	622x862
Pigeon royal	pigeon-royal	02	1,019	804x789
pilier NEW	pilier-new	01	0,8963	1055x1177
planche inversée	planche-inversee	01	2,1537	1934x898
poirier	poirier	01	1,2018	816x679
poirier	poirier	02	0,1985	284x1431
Poisson	poisson	01	2,7447	1946x709
Pont	pont	01	2,4676	1066x432
Pont	pont	02	1,7077	999x585
Prosternation	prosternation	01	1,0755	755x702
Prosternation	prosternation	02	1,0524	743x706
Pyramide	pyramide	01	0,9724	774x796
Pyramide	pyramide	02	0,8061	736x913
repos	repos	01	1,7418	1916x1100
rocher	rocher	01	1,4782	1425x964
roi des poissons	roi-des-poissons	01	1,3978	1620x1159
Sauterelle	sauterelle	01	3,5527	1954x550
Sphinx	sphinx	01	1,3994	1857x1327
table	table	01	1,8071	1780x985
Tigre	tigre	01	1,1836	677x572
Tigre	tigre	02	2,7254	1082x397
Tigre	tigre	03	1,487	571x384
tourniquet	tourniquet	01	1,368	1498x1095
triangle incliné	triangle-incline	01	0,5864	977x1666
triangle	triangle	01	0,4579	735x1605
trépied	trepied	01	0,7788	1081x1388
virgule	virgule	01	2,6234	1881x717
voilier	voilier	01	1,7154	1079x629
voilier	voilier	02	1,5531	966x622
Y	y	01	0,4901	642x1310
Y	y	02	0,5856	766x1308
