Aile	aile	Aile	317	601	0	0	Aile	3
Aile (niveau confirmé)	aile-niveau-confirme	Aile	497	603	0	0	Aile (niveau confirmé)	3
Aigle en torsion	aigle-en-torsion	Aigle en torsion	624	339	0	0	Aigle en torsion	1
Bambou	bambou	bambou	363	331	0	0	Bambou	3
Bateau	bateau	bateau	467	298	0	0	Bateau	3
Bateau (Midi)	bateau-midi	bateau	548	378	0	0	Bateau (Midi)	3
Aigle	aigle	Aigle	228	590	0	0	Aigle	4
Arbre (novice)	arbre	arbre	261	600	0	0	Arbre (novice)	2
Arbre	arbre-niveau-confirme	arbre	266	601	0	0	Arbre	2
Arc	arc	Arc	444	252	0	0	Arc	3
Bâton	baton	baton	680	312	0	0	Bâton	1
Barque	barque	barque	803	167	0	0	Barque	3
Chameau	chameau	Chameau	250	434	0	0	Chameau	3
Chameau (niveau confirmé)	chameau-niveau-confirme	Chameau	304	405	0	0	Chameau (niveau confirmé)	3
Chandelle	chandelle	chandelle	203	576	0	0	Chandelle	2
Chien qui s'étire	chien-qui-s-etire	Chien qui s'étire	543	354	0	0	Chien qui s'étire	3
Chien qui s'étire (pointé)	chien-qui-s-etire-pointe	Chien qui s'étire	730	460	0	0	Chien qui s'étire (pointé)	3
Chat	chat	Chat	434	301	0	0	Chat	1
Chien	chien	Chien	434	341	0	0	Chien	1
Croissant de lune	croissant-de-lune	croissant de lune	627	332	0	0	Croissant de lune	1
Chaise	chaise	chaise	172	729	0	0	Chaise	2
Croisé	croise	Croise	581	328	0	0	Croisé	1
Charrue	charrue	charrue	613	282	0	0	Charrue	2
Charrue (niveau confirmé)	charrue-niveau-confirme	charrue	595	254	0	0	Charrue (niveau confirmé)	2
Corbeau	corbeau	corbeau	361	267	0	0	Corbeau	3
Croisé ventral	croise-ventral	croise ventral	579	406	0	0	Croisé ventral	3
Cygne	cygne	Cygne	795	149	0	0	Cygne	2
Cygne (niveau confirmé 2)	cygne-niveau-confirme	Cygne	784	173	0	0	Cygne (niveau confirmé 2)	2
Cygne (niveau confirmé)	cygne-niveau-confirme-2	Cygne	780	147	0	0	Cygne (niveau confirmé)	2
Cobra	cobra	Cobra	618	186	0	0	Cobra	2
Danseur	danseur	Danseur	402	537	0	0	Danseur	4
demi Lune	demi-lune	demi lune	377	597	0	0	demi Lune	1
demi Pont pointé	demi-pont-pointe	demi pont pointé	482	549	0	0	demi Pont pointé	3
demi Roue en rotation	demi-roue-en-rotation	demi roue en rotation	191	639	0	0	demi Roue en rotation	3
demi Roue en rotation 2	demi-roue-en-rotation-niveau-confirme	demi roue en rotation	229	677	0	0	demi Roue en rotation 2	3
demi Singe	demi-singe	demi singe	434	548	0	0	demi Singe	2
demi Chien	demi-chien	demi chien	603	379	0	0	demi Chien	3
demi Lune agenouillée	demi-lune-agenouillee	demi lune agenouillée	234	367	0	0	demi Lune agenouillée	2
demi Lune latérale	demi-lune-laterale	demi lune laterale 4500x4000	780	229	0	0	demi Lune latérale	3
demi Roue	demi-roue	demi roue	269	567	0	0	demi Roue	2
demi Roue (Soleil)	demi-roue-niveau-confirme	demi roue	357	676	0	0	demi Roue (Soleil)	2
Déesse	deesse	Deesse	394	566	0	0	Déesse	2
Déesse (Lune)	deesse-lune	Deesse	452	555	0	0	Déesse (Lune)	2
demi Pince	demi-pince	demi pince	392	424	0	0	demi Pince	2
demi Lune assis	demi-lune-assis	demi lune assis	368	332	0	0	demi Lune assis	2
Diamant	diamant	diamant	224	376	0	0	Diamant	1
demi Lotus	demi-lotus	demi lotus	658	204	0	0	demi Lotus	1
demi Pont	demi-pont	demi pont	505	230	0	0	demi Pont	1
Equerre en rotation	equerre-en-rotation	equerre en rotation	261	621	0	0	Equerre en rotation	2
Fente sur côté	fente-sur-cote	Fente sur cote	572	526	0	0	Fente sur côté	2
Fente sur côté (niveau confirmé)	fente-sur-cote-niveau-confirme	Fente sur cote	649	444	0	0	Fente sur côté (niveau confirmé)	2
Fente sur orteils	fente-sur-orteils	Fente sur orteils	468	449	0	0	Fente sur orteils	3
Fente triangle	fente-triangle	Fente triangle	557	590	0	0	Fente triangle	3
Estomac	estomac	Estomac NEW	512	382	0	0	Estomac	1
Estomac (sangle)	estomac-sangle	Estomac NEW	621	406	0	0	Estomac (sangle)	1
Élève	eleve	eleve	670	220	0	0	Élève	2
Force	force	force	486	221	0	0	Force	4
Equerre	equerre-debout	Equerre	497	567	0	0	Equerre	2
Equerre allongée	equerre-allongee	Equerre	399	476	0	0	Equerre allongée	3
Étoile (Lune)	etoile-lune	etoile	644	614	0	0	Étoile (Lune)	1
Fente demi lune	fente-demi-lune	fente demi lune	448	552	0	0	Fente demi lune	1
Fente en rotation	fente-en-rotation	Fente en rotation	493	449	0	0	Fente en rotation	2
Foudre	foudre	foudre	449	316	0	0	Foudre	2
Enfant	enfant	enfant	315	174	0	0	Enfant	1
Enfant (front au sol)	enfant-front-au-sol	enfant	298	168	0	0	Enfant (front au sol)	1
Expire	expire	expire	423	191	0	0	Expire	1
Foetus	foetus	foetus	307	249	0	0	Foetus	2
Foetus (sangle)	foetus-sangle	foetus	305	211	0	0	Foetus (sangle)	2
Guetteur en rotation	guetteur-en-rotation	guetteur en rotation	509	602	0	0	Guetteur en rotation	3
Guetteur en rotation (niveau confirmé)	guetteur-en-rotation-niveau-confirme	guetteur en rotation	596	560	0	0	Guetteur en rotation (niveau confirmé)	3
Grand écart	grand-ecart	Grand écart	548	451	0	0	Grand écart	1
Grand écart (sangle)	grand-ecart-sangle	Grand écart	556	438	0	0	Grand écart (sangle)	1
Grand écart incliné	grand-ecart-incline	grand écart incliné	501	365	0	0	Grand écart incliné	2
Hamac (sangle)	hamac-sangle	Hamac	589	262	0	0	Hamac (sangle)	2
Héros	heros	Heros	444	262	0	0	Héros	2
Héros (niveau confirmé)	heros-niveau-confirme	Heros	473	175	0	0	Héros (niveau confirmé)	2
Inspire	inspire	inspire	595	184	0	0	Inspire	1
Grenouille	grenouille	Grenouille	308	397	0	0	Grenouille	1
Grenouille penchée	grenouille-penchee	Grenouille	197	397	0	0	Grenouille penchée	1
Guetteur	guetteur	guetteur	618	317	0	0	Guetteur	2
Guirlande	guirlande	Guirlande	262	326	0	0	Guirlande	2
demi Guirlande	demi-guirlande	Guirlande	447	290	0	0	demi Guirlande	2
Loquet	loquet	loquet	397	439	0	0	Loquet	2
Loquet 2	loquet-2	loquet	568	382	0	1	Loquet 2	2
Mains jointes	mains-jointes	mains jointes	621	304	0	0	Mains jointes	2
Oreilles pressées	oreilles-pressees	oreilles pressées	324	257	0	0	Oreilles pressées	3
Oreilles pressées (niveau confirmé)	oreilles-pressees-niveau-confirme	oreilles pressées	491	216	0	0	Oreilles pressées (niveau confirmé)	3
Perche	perche	Perche	906	512	0	0	Perche	4
Perche jambe pliée	perche-jambe-pliee	Perche	840	489	0	0	Perche jambe pliée	4
Palmier	palmier	Palmier	145	814	0	0	Palmier	1
Pigeon en rotation	pigeon-en-rotation	pigeon en rotation	521	372	0	0	Pigeon en rotation	2
Pilier (sangle)	pilier-sangle	pilier NEW	345	400	0	0	Pilier (sangle)	1
Planche inversée	planche-inversee	planche inversée	622	289	0	0	Planche inversée	2
Prosternation	prosternation	Prosternation	444	422	0	0	Prosternation	1
Pyramide	pyramide	Pyramide	420	432	0	0	Pyramide	1
Poirier	poirier	poirier	387	320	0	0	Poirier	4
Poirier (niveau confirmé)	poirier-niveau-confirme	poirier	137	689	0	0	Poirier (niveau confirmé)	4
Poisson	poisson	Poisson	506	184	0	0	Poisson	4
Pigeon royal	pigeon-royal	Pigeon royal	426	420	0	0	Pigeon royal	3
Pigeon royal (niveau confirmé)	pigeon-royal-niveau-confirme	Pigeon royal	327	457	0	0	Pigeon royal (niveau confirmé)	3
Pont	pont	Pont	512	207	0	0	Pont	4
Pont (niveau confirmé)	pont-niveau-confirme	Pont	486	284	0	0	Pont (niveau confirmé)	4
Papillon	papillon	papillon	302	211	0	0	Papillon	1
Repos	repos	repos	651	374	0	0	Repos	1
Roi des poissons	roi-des-poissons	roi des poissons	473	338	0	0	Roi des poissons	2
Table	table	table	514	287	0	0	Table	2
Tigre	tigre	Tigre	470	402	0	0	Tigre	2
Rocher	rocher	rocher	324	220	0	0	Rocher	2
Triangle incliné	triangle-incline	triangle incliné	385	660	0	0	Triangle incliné	1
Triangle	triangle	triangle	317	693	0	0	Triangle	3
Sphinx	sphinx	Sphinx	510	365	0	0	Sphinx	2
Tourniquet	tourniquet	tourniquet	400	292	0	0	Tourniquet	3
Trépied	trepied	trépied	332	427	0	0	Trépied	1
Sauterelle	sauterelle	Sauterelle	635	180	0	0	Sauterelle	3
Y Majuscule	y-majuscule	Y	351	715	0	0	Y Majuscule	3
Y Majuscule (niveau confirmé)	y-majuscule-niveau-confirme	Y	414	725	0	0	Y Majuscule (niveau confirmé)	3
Virgule	virgule	virgule	599	304	0	0	Virgule	1
Voilier	voilier	voilier	679	397	0	0	Voilier	2
Voilier (sangle)	voilier-sangle	voilier	622	400	0	0	Voilier (sangle)	2
Tigre (posture dynamique)	tigre-posture-dynamique	Tigre	1138	273	0	1	Tigre (posture dynamique)	2
